{
  "rmse": 1079403664.4225101,
  "r2_score": -1.7738156214324294
}